pack	zip	size_mb	songs	singles_per_song
Acid Intravenous [SM5]	Acid Intravenous [SM5]	20	8	5
Albumix2-I	Albumix2-I	37	20	3.5
Albumix2-II (R21)	Albumix2-II (R21)	40	19	3.5
Albumix2-III (UMKCDDR)	Albumix2-III (UMKCDDR)	36	20	3.5
Albumix2-V	Albumix2-V	43	20	4
Anime Extravaganza 3	Anime Extravaganza 3	56	20	5
Banzaitvs ITG1 Home	Banzaitvs ITG1 Home	93	31	5
Banzaitvs ITG2 Home	Banzaitvs ITG2 Home	105	38	5
Banzaitvs ITG3 Home	Banzaitvs ITG3 Home	124	44	5
BemaniBeats 6	BemaniBeats 6	152	72	5
Cloud's Simfiles	Cloud's Simfiles	50	18	6
CMGs Firsts	CMGs Firsts	18	10	4
CMGs Second Coming	CMGs Second Coming	30	15	4
Feraligatr Scales	Feraligatr Scales	50	30	3
FlightMix 1st Mix	FlightMix 1st Mix	55	25	4
FlightMix 1st Mix Advance	FlightMix 1st Mix Advance	54	25	4
FlightMix 2nd Mix	FlightMix 2nd Mix	107	41	5
FlightMix 3rd Mix	FlightMix 3rd Mix	126	50	4.5
Fyshi's Arrow Rhythm Terminal	Fyshis Arrow Rhythm Terminal	20	10	4.5
Gazebo de Brute	Gazebo de Brute	62	21	5
Gpop's Pack of Original Pad Sims	Gpop's Pack of Original Pad Sims	31	40	5
Hopscotch Mix Encore	Hopscotch Mix Encore	67	29	5.5
Ike Pie 1st Serving	Ike Pie 1st Serving	20	8	4.5
In The Groove Rebirth	In The Groove Rebirth	232	85	5
JHF-Mix 2	JHF-Mix 2	18	60	4.5
JHF-Mix 3	JHF-Mix 3	68	45	4.5
Kyzentun's Krap	Kyzentun's Krap	77	30	5
Kyzentuns Handjobs	Kyzentuns Handjobs	26	12	3.5
MacGravel's Pad Pack I	MacGravel's Pad Pack I	15	6	5
NEMORIGINAL Collection Vol 1	NEMORIGINAL Collection Vol 1	31	12	5
NEMORIGINAL Collection Vol 2	NEMORIGINAL Collection Vol 2	34	12	5
NEMORIGINAL Collection Vol 3	NEMORIGINAL Collection Vol 3	35	12	5
NEMORIGINAL Collection Vol 4	NEMORIGINAL Collection Vol 4	34	12	5
NEMORIGINAL Soulja Boy Simfile Pack	NEMORIGINAL Soulja Boy Simfile Pack	40	15	5
PandemiXium 4-1 -STARFIRE-	PandemiXium 4-1 -STARFIRE-	268	108	4.5
Project_Destruction	Project_Destruction	64	22	5
r2112	R2112	35	12	5
r21twins	R21twins	40	13	5
Rodd's Rad Mini Pack	Rodd's Rad Mini Pack	21	12	3
Rynker's Hard Techno 1	Rynker's Hard Techno 1	64	37	4.5
Rynker's Hardstyle Pack	Rynker's Hardstyle pack	63	34	3
St․ Patrick's Day Pack	St․ Patrick's Day Pack	31	13	4
Stomp Exceed	Stomp Exceed	204	78	4.5
StreamVoltex ep.2	StreamVoltex ep.2	70	30	4
Tachyon Alpha	Tachyon Alpha	89	30	6
Tachyon Epsilon Short Cuts	Tachyon Epsilon Short Cuts	21	15	5
TalonMix IV	TalonMix IV	88	30	5
TalonMix V	TalonMix V	87	30	5
TalonMix VI	TalonMix VI	90	30	5
TalonMix VIII	TalonMix VIII	90	30	5
The League Of Extraordinary Stepmen - Chapter 1	The League Of Extraordinary Stepmen - Chapter 1	69	24	5.5
The NES Simfile Collab	The NES Simfile Collab	42	21	3.5
The SNES Collab	The SNES Collab	26	11	4.5
Touhou Kousaikai ~ Scarlet Festival Gathering (videoless) v3	Touhou Kousaikai ~ Scarlet Festival Gathering (videoless) v3	340	94	6
Tsunamix III [SM5]	Tsunamix III [SM5]	156	50	5.5
Valex's Magical 4-Arrow Adventure 1	Valex's Magical 4-Arrow Adventure 1	53	19	5
Valex's Magical 4-Arrow Adventure 2 r3	Valex's Magical 4-Arrow Adventure 2 r3	74	26	5
Valex's Magical 4-Arrow Adventure 4	Valex's Magical 4-Arrow Adventure 4	101	34	5
Valex's Magical 4-Arrow Adventure 5	Valex's Magical 4-Arrow Adventure 5	90	30	5
Valex's Magical 4-Arrow Adventure 6	Valex's Magical 4-Arrow Adventure 6	85	29	5
Very Short Fantasy	Very Short Fantasy	35	11	5.5
VGMPP	VGMPP	30	10	5
Vocaloid Project Pad Pack 2nd	Vocaloid Project Pad Pack 2nd	130	40	5.5
Washed Up	Washed Up	64	22	5
TalonMix VII	TalonMix VII	93	30	5
Sudziosis 4	Sudziosis 4	130	38	5.5
Valentine's Day	Valentine's Day	26	12	3.5
Condor's Overly Cool & Kawaii Simfiles 02	Condor's Overly Cool & Kawaii Simfiles 02	47	15	5
Causality Violation	Causality Violation	38	10	6
Condor's Overly Cool & Kawaii Simfiles 04	Condor's Overly Cool & Kawaii Simfiles 04	48	15	5
Kantai Collection PadColle	Kantai Collection PadColle	80	25	5
In The Groove 3	In The Groove 3	300	85	5.5
Tachyon Epsilon	Tachyon Epsilon	96	30	5
Condor's Overly Cool & Kawaii Simfiles 01	Condor's Overly Cool & Kawaii Simfiles 01	49	15	5
R21	R21	101	52	3
Animusic Season 2	Animusic Season 2	133	41	5
Condor's Overly Cool & Kawaii Simfiles 03	Condor's Overly Cool & Kawaii Simfiles 03	49	15	5
SDVX KAC 2012	SDVX KAC 2012	47	13	5.5
CMGs The 3rd Chapter	CMGs The 3rd Chapter	53	20	4
DBK4	DBK4	137	52	4
KoL DDR Post-5th & Pre-Supernova Edit Pack	KoL DDR Post-5th & Pre-Supernova Edit Pack	117	59	3
Sudziosis 5	Sudziosis 5	109	30	5.5
Anime Boston 2010	Anime Boston 2010	173	52	5
Brother Mojo	Brother Mojo	62	31	3
JHF-Mix 1	JHF-Mix 1	99	33	4.5
Rikame's Simfiles 3	Rikame's Simfiles 3	93	25	5.5
Sudziosis II	Sudziosis II	51	15	5
Crossover Spectrum Part III	Crossover Spectrum Part III	60	25	3.5
KoL DDR Before-Max Edit Pack	KoL DDR Before-Max Edit Pack	109	53	3
BEST-mix #5 - ITG B1-3	BEST-mix #5 - ITG B1-3	17	6	4
Sudziosis 3	Sudziosis 3	107	31	5
In The Groove Rebirth 2	In The Groove Rebirth 2	299	78	5.5
Crossover Spectrum Part I	Crossover Spectrum Part I	110	45	3.5
Hopscotch Mix 3 Excel	Hopscotch Mix 3 Excel	128	61	3
Touhou Dancing Delusion 2	Touhou Dancing Delusion 2	50	18	4
NIQ9's Simfiles 1	NIQ9's Simfiles 1	59	28	3
Rynker's Hard Techno 2	Rynker's Hard Techno 2	78	37	3
Chen's Helplessly Enjoyable Notable Simfiles	Chen's Helplessly Enjoyable Notable Simfiles	35	10	5
R21 Bringin' It Back	R21 Bringin' It Back	54	15	5
Game Grumps Revolution	Game Grumps Revolution	36	10	5
Valex's Magical 4-Arrow Adventure 3	Valex's Magical 4-Arrow Adventure 3	112	31	5
Monster Energy Pack 3	Monster Energy Pack 3	100	46	3
FlightMix 4th Mix	FlightMix 4th Mix	203	56	5
Touhou Gensouyou ~ Illusionary Dance Fantasy	Touhou Gensouyou ~ Illusionary Dance Fantasy	313	86	5
r21freak Secret Stepfile Santa 1	R21freak Secret Stepfile Santa 1	74	29	3.5
Valex's Magical 4-Arrow Adventure 7	Valex's Magical 4-Arrow Adventure 7	111	30	5
Hopscotch Mix 2	Hopscotch Mix 2	111	50	3
The Nu-Virus Files	The Nu-Virus Files	239	92	3.5
Animusic Season 1	Animusic Season 1	150	40	5
Tachyon Spectrum	Tachyon Spectrum	60	20	4
ForeveR21	ForeveR21	38	10	5
Zimlord's Pre-staff Originals	Zimlord's Pre-staff Originals	93	41	3
Undefined Fantastic Original Simfiles	Undefined Fantastic Original Simfiles	76	20	5
Rodd's Revival	Rodd's Revival	73	32	3
BEST-mix #5 - ITG B2-1	BEST-mix #5 - ITG B2-1	18	6	4
Sharpnelshortz	Sharpnelshortz	127	30	5.5
NIQ9's Originals	NIQ9's Originals	97	42	3
Plaguemix Series	Plaguemix Series	40	17	3
Anime Extravaganza 2	Anime Extravaganza 2	86	20	5.5
Anime Extravaganza 1	Anime Extravaganza 1	71	20	4.5
Dancefreak's Originals	Dancefreak's Originals	237	100	3
My Little Pony Season 01 Pack r2	My Little Pony Season 01 Pack r2	53	12	5.5
Gull's Arrows 4	Gull's Arrows 4	36	10	4.5
BarX's Darude Pack	BarX's Darude Pack	12	5	3
Crossover Spectrum Part II	Crossover Spectrum Part II	73	30	3
