pack	style
4PANEL_JBEAN_Originals_2020-001	classic
Acid Intravenous [SM5]	stream
Albumix2-I	classic
Albumix2-II (R21)	classic
Albumix2-III (UMKCDDR)	classic
Albumix2-V	classic
Anime Boston 2010	classic
Anime Extravaganza 1	stream
Anime Extravaganza 2	stream
Anime Extravaganza 3	stream
Animusic Season 1	stream
Animusic Season 2	classic
BEST-mix #5 - ITG B1-3	classic
BEST-mix #5 - ITG B2-1	stream
Banzaitvs ITG1 Home	classic
Banzaitvs ITG2 Home	classic
Banzaitvs ITG3 Home	classic
BemaniBeats 6	stream
Brother Mojo	stream
CMGs Firsts	gimmick
CMGs Second Coming	gimmick
CMGs The 3rd Chapter	gimmick
Chen's Helplessly Enjoyable Notable Simfiles	stream
Condor's Overly Cool & Kawaii Simfiles 01	stream
Condor's Overly Cool & Kawaii Simfiles 02	stream
Condor's Overly Cool & Kawaii Simfiles 03	stream
Condor's Overly Cool & Kawaii Simfiles 04	stream
Crossover Spectrum Part I	tech
Crossover Spectrum Part II	tech
Crossover Spectrum Part III	tech
DBK4	stream
DDR vs PIU - Pump It Up 3rd	classic
Dancefreak's Originals	classic
Feraligatr Scales	classic
FlightMix 1st Mix	stream
FlightMix 1st Mix Advance	stream
FlightMix 2nd Mix	stream
FlightMix 3rd Mix	stream
FlightMix 4th Mix	stream
ForeveR21	stream
Fyshi's Arrow Rhythm Terminal	stream
Game Grumps Revolution	stream
Gazebo de Brute	gimmick
Gull's Arrows 4	stream
Hopscotch Mix 2	classic
Hopscotch Mix 3 Excel	classic
Hopscotch Mix Encore	classic
Ike Pie 1st Serving	classic
In The Groove 3	classic
In The Groove Rebirth	classic
In The Groove Rebirth 2	classic
JBEAN Originals - 2018	classic
JBEAN Originals - 2019	classic
JBEAN Originals - 2021	classic
JBEAN Originals - 2022	classic
JBEAN Originals - 2023	classic
JHF-Mix 1	gimmick
JHF-Mix 3	classic
Jbean3535 Exclusives - Fall 2011	classic
Jbean3535 Exclusives - Fall 2012	classic
Kantai Collection PadColle	stream
KoL DDR Before-Max Edit Pack	tech
KoL DDR Post-5th & Pre-Supernova Edit Pack	tech
Kyzentun's Krap	kyzentun
Kyzentuns Handjobs	kyzentun
MacGravel's Pad Pack I	stream
Monster Energy Pack 3	gimmick
My Little Pony Season 01 Pack r2	classic
NEMORIGINAL Collection Vol 1	classic
NEMORIGINAL Collection Vol 2	tech
NEMORIGINAL Collection Vol 3	tech
NEMORIGINAL Collection Vol 4	tech
NEMORIGINAL Soulja Boy Simfile Pack	tech
NIQ9's Originals	stream
NIQ9's Simfiles 1	classic
PandemiXium 4-1 -STARFIRE-	classic
Plaguemix Series	classic
Project_Destruction	classic
R21	tech
R21 Bringin' It Back	stream
Rikame's Simfiles 3	stream
Rodd's Revival	stream
Rynker's Hard Techno 1	classic
Rynker's Hard Techno 2	classic
Rynker's Hardstyle Pack	classic
SDVX KAC 2012	stream
Sexuality Violation	classic
Sexuality Violation 2	classic
Sexuality Violation 3	classic
Sharpnelshortz	stream
Stomp Exceed	tech
StreamVoltex ep.2	stream
St․ Patrick's Day Pack	classic
Sudziosis 3	stream
Sudziosis 4	stream
Sudziosis 5	stream
Sudziosis II	stream
Tachyon Alpha	stream
Tachyon Epsilon	stream
Tachyon Epsilon Short Cuts	stream
Tachyon Spectrum	classic
TalonMix IV	stream
TalonMix V	stream
TalonMix VI	stream
TalonMix VII	stream
TalonMix VIII	stream
The League Of Extraordinary Stepmen - Chapter 1	stream
The NES Simfile Collab	tech
The Nu-Virus Files	stream
The SNES Collab	classic
Touhou Dancing Delusion 2	classic
Touhou Gensouyou ~ Illusionary Dance Fantasy	stream
Touhou Kousaikai ~ Scarlet Festival Gathering (videoless) v3	stream
Tsunamix III [SM5]	stream
Undefined Fantastic Original Simfiles	stream
VGMPP	stream
Valentine's Day	classic
Valex's Magical 4-Arrow Adventure 1	stream
Valex's Magical 4-Arrow Adventure 2 r3	stream
Valex's Magical 4-Arrow Adventure 3	stream
Valex's Magical 4-Arrow Adventure 4	stream
Valex's Magical 4-Arrow Adventure 5	stream
Valex's Magical 4-Arrow Adventure 6	stream
Valex's Magical 4-Arrow Adventure 7	stream
Very Short Fantasy	stream
Vocaloid Project Pad Pack 2nd	stream
Washed Up	classic
Zimlord's Pre-staff Originals	gimmick
r2112	gimmick
r21freak Secret Stepfile Santa 1	classic
r21twins	gimmick
